Date;Close/Last;Volume;Open;High;Low
04/28/2021;130.71;8195648;$132.26;$132.33;$130.345
04/27/2021;132.11;5833092;$132;$132.79;$131.41
04/26/2021;131.6;8217807;$130.49;$131.7;$129.32
04/23/2021;130.19;7489517;$128.93;$130.65;$128.4604
04/22/2021;129.18;6442917;$129.89;$130.37;$127.98
04/21/2021;129.9;7110855;$127.59;$130.33;$127.37
04/20/2021;127.11;13268680;$129.17;$129.9;$125.7
04/19/2021;132.57;5613592;$134.3;$134.38;$132.15
04/16/2021;134.31;6852498;$134.71;$134.77;$133.73
04/15/2021;133.67;6285030;$133;$134.07;$132.68
04/14/2021;132.26;7354084;$133.54;$134.18;$131.82
04/13/2021;133.54;8778164;$135.6;$135.99;$133.4
04/12/2021;136.64;5638234;$134.75;$136.9;$134.22
04/09/2021;135.45;6056769;$133.94;$135.5;$133.5
04/08/2021;133.68;8748392;$137.28;$137.31;$133.405
04/07/2021;136.54;6646002;$136.99;$138.24;$136.36
04/06/2021;137.16;4670099;$135.44;$137.71;$134.93
04/05/2021;135.12;5508931;$133.1;$135.68;$133.1
04/01/2021;132.53;5720557;$134.69;$134.69;$132.21
03/31/2021;132.89;6878936;$133.09;$134.18;$131.92
03/30/2021;132.95;6026601;$132.345;$133.35;$131.22
03/29/2021;133.49;7153914;$132.94;$133.91;$130.66
03/26/2021;132.99;10010470;$131.6;$133.185;$129.77
03/25/2021;128.64;18475800;$127.05;$129.39;$125.44
03/24/2021;133.16;8157637;$136.45;$137.92;$132.88
03/23/2021;137.12;5582625;$138.49;$140.64;$136.55
03/22/2021;138.27;7537298;$137.63;$138.81;$136.03
03/19/2021;137.49;24980360;$140;$142.86;$135.51
03/18/2021;143.17;10279420;$144.37;$146.66;$142.55
03/17/2021;144.82;5134378;$143.2;$146.15;$143.2
03/16/2021;144.65;5622963;$145.88;$146.15;$143.8449
03/15/2021;144.94;5417218;$140.7;$145;$140.6664
03/12/2021;140.45;4143150;$140;$140.91;$138.6
03/11/2021;141.19;5696538;$139.18;$142.2;$138.56
03/10/2021;137.59;4519576;$136.5;$138.2;$136.1
03/09/2021;135.95;5977764;$135.51;$138;$135.45
03/08/2021;134.56;4983035;$133.64;$135.63;$132.37
03/05/2021;133.35;5957148;$133.54;$133.68;$129.1878
03/04/2021;132.04;7181486;$134;$135.13;$130.18
03/03/2021;134.26;4888379;$137.09;$137.41;$134.15
03/02/2021;137.02;5292900;$137.56;$138.255;$135.61
03/01/2021;137.65;5717793;$135.64;$139.15;$135.5
02/26/2021;134.78;6650210;$135.9;$136.85;$133.36
02/25/2021;135.54;5674302;$137.6;$139.18;$134.53
02/24/2021;135.65;6360911;$135.06;$135.96;$133.95
02/23/2021;136.13;10364140;$136.03;$136.83;$131.58
02/22/2021;136.67;8985889;$141.54;$142.46;$136.26
02/19/2021;142.02;7485950;$145.43;$145.5;$141.5
02/18/2021;145.09;4487139;$142.98;$145.39;$141.21
02/17/2021;143.99;6438432;$141.3;$144.56;$140.21
02/16/2021;141.71;4873364;$143.37;$143.37;$141.03
02/12/2021;142.12;3636966;$143.11;$143.45;$141.4
02/11/2021;143.54;3828731;$143;$144.35;$142.41
02/10/2021;142.46;4125714;$142.45;$142.6;$140.9
02/09/2021;141.79;3436347;$143.6;$144.22;$141.7
02/08/2021;143.41;6304300;$145.15;$145.88;$142.8
02/05/2021;145.11;6151478;$141.34;$145.5717;$141.29
02/04/2021;140.63;4533707;$139.55;$141.05;$138.92
02/03/2021;138.63;4678553;$139.7;$140.06;$138.01
02/02/2021;139.59;7132823;$137.06;$139.86;$136.75
02/01/2021;135.71;4366833;$135.37;$136.05;$133.3
01/29/2021;133.59;7166051;$133.95;$135.025;$132.15
01/28/2021;134.72;6244598;$132.36;$136.37;$131.5
01/27/2021;131.02;7815862;$132.22;$132.86;$130.2668
01/26/2021;135.1;5312341;$137.76;$137.845;$134.7138
01/25/2021;137.55;5998739;$138.99;$139.18;$134.74
01/22/2021;139.35;4150453;$141.09;$141.88;$139.31
01/21/2021;141.61;4013667;$142.41;$143.813;$141.125
01/20/2021;142.8;4654404;$140.38;$143.21;$140.01
01/19/2021;139.27;6537800;$140.99;$141.2166;$138.41
01/15/2021;140.72;6412351;$140.56;$142.38;$139.88
01/14/2021;141.3;4104024;$143.66;$144.9;$140.93
01/13/2021;143.04;3330127;$144.83;$145.1265;$142.43
01/12/2021;145.05;3678834;$146.5;$146.85;$144.38
01/11/2021;147.05;4254143;$146;$147.1;$144.8006
01/08/2021;146.35;3950741;$145.55;$146.82;$144.9001
01/07/2021;144.95;5256940;$143.2;$145.64;$143
01/06/2021;142.35;6072939;$141.25;$143.5699;$139.53
01/05/2021;141.23;4163149;$138.6;$141.66;$138.6
01/04/2021;140.1;6178517;$142.85;$142.97;$138.32
12/31/2020;141.47;2949915;$141.7;$141.79;$140.37
12/30/2020;141.58;3052122;$142.16;$142.61;$140.66
12/29/2020;141.57;3232430;$142.83;$143.06;$140.43
12/28/2020;142.43;4081534;$142.54;$142.92;$141.0438
12/24/2020;141.6;1821900;$141.1;$142.19;$141.1
12/23/2020;141.76;3388279;$142.56;$143.6;$141.7
12/22/2020;142.45;6341604;$143.05;$143.47;$141.09
12/21/2020;144.02;16111270;$144.82;$147.95;$142.51
12/18/2020;137.28;17970790;$141.09;$141.14;$137.17
12/17/2020;140.5;8726997;$139.92;$140.74;$138.75
12/16/2020;138.34;6573449;$139.07;$140.49;$137.46
12/15/2020;139.39;7642595;$137.43;$139.44;$137.2491
12/14/2020;136.28;7598952;$138.92;$139;$136.2
12/11/2020;137.41;4172439;$137.39;$138.14;$136.23
12/10/2020;137.58;4511003;$138.28;$139.14;$137.24
12/09/2020;138.79;4341305;$140.57;$140.57;$138.27
12/08/2020;139.12;6953582;$138.24;$140.4373;$137.65
12/07/2020;138.75;4590776;$137;$138.86;$136.8
12/04/2020;137.19;4344036;$137.08;$137.4;$135.64
12/03/2020;136.96;4930860;$135.1;$137.95;$135
12/02/2020;135.58;4132965;$135.16;$136.32;$134.67
12/01/2020;135.44;3834460;$136.44;$136.5;$134.75
11/30/2020;134.7;9652509;$133.91;$135.29;$132.69
11/27/2020;134.25;3506832;$136;$136.13;$133.34
11/25/2020;135.54;4484836;$134.25;$135.7999;$133.62
11/24/2020;134.7;7205789;$135;$135.99;$134.21
11/23/2020;134.13;6119342;$134.38;$134.89;$133.09
11/20/2020;132.98;4320046;$133.3;$133.53;$131.91
11/19/2020;131.91;4642765;$131.92;$132.11;$129.93
11/18/2020;131.63;5573008;$133.07;$133.98;$131.53
11/17/2020;132.21;7002945;$130.48;$132.6;$129.11
11/16/2020;130.11;6116435;$129.46;$130.32;$127.37
11/13/2020;128.28;3986719;$127.91;$128.6;$126.83
11/12/2020;126.64;4797416;$126.62;$127.8386;$125.625
11/11/2020;127.66;6058668;$128.69;$129.7985;$127.18
11/10/2020;127.71;8014744;$130.05;$130.115;$126.25
11/09/2020;128.95;7491728;$135.06;$136.35;$128.7652
11/06/2020;128.9;2954049;$129.91;$129.91;$128.3477
11/05/2020;129.7;3940003;$129.19;$130.41;$128.46
11/04/2020;127.34;5061798;$125.33;$128.93;$125.26
11/03/2020;124.59;3490891;$124.01;$125.5;$123.19
11/02/2020;122.39;4740373;$122.37;$124.1;$121.1
10/30/2020;120.08;7792405;$123.66;$123.66;$118.8
10/29/2020;122.86;4947049;$122.28;$124.19;$121.15
10/28/2020;122.08;8618312;$125.28;$126.4;$121.04
10/27/2020;127.99;2985686;$128.78;$129.49;$127.9
10/26/2020;128.37;5422455;$129.06;$129.62;$126.68
10/23/2020;129.99;4046580;$130;$130.6;$128.65
10/22/2020;130.02;2870984;$129.6;$130.26;$128.8601
10/21/2020;129.43;4916342;$128.5;$131.38;$128.45
10/20/2020;128.49;3800038;$128;$129.9;$127.72
10/19/2020;127.43;5160899;$129.1;$129.78;$127.05
10/16/2020;128,00;6011173;$129.51;$130.19;$127.55
10/15/2020;129,00;4236054;$126.48;$129.0999;$126.11
10/14/2020;127.66;3587295;$129.53;$129.6;$127.01
10/13/2020;129.2;4245130;$128.05;$129.87;$127.96
10/12/2020;129.46;5136511;$131.19;$131.34;$129.26
10/09/2020;130.98;4293374;$129.99;$131.19;$129.3254
10/08/2020;129.71;3595578;$130.4;$130.9289;$129.51
10/07/2020;130.06;4390483;$128.4;$130.41;$128.25
10/06/2020;127.65;5978001;$128.84;$130.44;$127.2654
10/05/2020;127.91;8270269;$127.07;$128.5;$126.45
10/02/2020;126.64;7491067;$124.35;$126.8;$123.59
10/01/2020;126.64;5637175;$127.73;$127.73;$125.31
09/30/2020;125.54;8699679;$126.1;$127.28;$125.1647
09/29/2020;126.35;7799668;$124.34;$127.1;$123.96
09/28/2020;124.32;7524978;$125.16;$126.19;$123.885
09/25/2020;124.23;9182784;$123.65;$124.75;$122.27
09/24/2020;124.75;13485770;$126.44;$127.54;$123.3
09/23/2020;127.11;37822650;$130.22;$130.38;$125.26
09/22/2020;116.87;13007210;$113.1;$117.2;$112.85
09/21/2020;113.37;8486367;$112.95;$114.06;$111.74
09/18/2020;114.66;12876570;$115.43;$117.91;$114.49
09/17/2020;116.36;7376390;$117.34;$118.55;$115.8
09/16/2020;118.59;7027588;$118.31;$119.69;$118.16
09/15/2020;119.27;5934181;$119.7;$120.48;$119.18
09/14/2020;119.28;4990315;$118.5;$119.93;$118.17
09/11/2020;118,00;8565234;$116.76;$119.25;$116.42
09/10/2020;114.79;5033067;$115.9;$118.227;$113.9975
09/09/2020;114.9;5997890;$113.02;$116.21;$112.83
09/08/2020;112.72;5300108;$111.29;$113.84;$110.54
09/04/2020;112.4;5157736;$112.96;$113.75;$110.21
09/03/2020;112.85;7264372;$116.8;$116.9;$112
09/02/2020;116.8;6775355;$115.06;$117.41;$114.5
09/01/2020;114.84;4913969;$112;$114.9;$111.83
08/31/2020;111.89;3519833;$112.14;$112.52;$111.14
08/28/2020;112.29;3731407;$111.01;$112.67;$110.57
08/27/2020;110.84;4391019;$111.99;$112.79;$110.5
08/26/2020;111.53;4477854;$111.92;$112.09;$111.29
08/25/2020;111.51;4380921;$112;$112.28;$111.09
08/24/2020;111.83;8173259;$110;$112;$109.9
08/21/2020;109.75;5563994;$108;$109.77;$107.75
08/20/2020;108.01;4304290;$107.56;$108.74;$107.35
08/19/2020;108.39;9508077;$107.69;$109.69;$107.35
08/18/2020;106.97;5023006;$106.46;$107;$105.47
08/17/2020;105.66;3017135;$106.5;$106.5;$105.115
08/14/2020;106.43;2985847;$106.12;$106.78;$105.46
08/13/2020;106.52;4281727;$105.3;$106.99;$105.2
08/12/2020;105.22;4715042;$105.72;$105.89;$103.38
08/11/2020;105.12;5400716;$106.85;$107.3299;$104.86
08/10/2020;105.41;12677960;$102.47;$106.83;$102.4
08/07/2020;101.86;5545605;$101;$101.91;$99.89
08/06/2020;100.45;4061160;$100.64;$101.18;$100.03
08/05/2020;100.94;7227111;$97.12;$101.25;$97.08
08/04/2020;97.33;7539319;$97.79;$97.95;$96.55
08/03/2020;98.33;5474074;$98.03;$99.29;$97.82
07/31/2020;97.61;5510394;$96.89;$97.65;$96.3
07/30/2020;96.82;4018367;$96.47;$97.23;$95.7965
07/29/2020;96.97;6872745;$96.43;$97.55;$96.295
07/28/2020;96.27;3822584;$96.95;$97.47;$96.16
07/27/2020;97.21;4273442;$96.96;$98.4;$96.89
07/24/2020;98.43;5638435;$98.14;$99.36;$97.7007
07/23/2020;98.3;4530464;$98.35;$100.18;$97.72
07/22/2020;98.91;4097303;$98.16;$98.99;$97.91
07/21/2020;98.36;5857099;$96.92;$99;$96.1
07/20/2020;95.65;5822281;$95.5;$96.35;$95.11
07/17/2020;96.28;7406714;$96.95;$97.23;$96.04
07/16/2020;97.26;3595025;$97.5;$98.23;$97.04
07/15/2020;98.54;5343651;$98.41;$99.04;$97.31
07/14/2020;96.76;4850623;$96.33;$97.25;$95.51
07/13/2020;96.46;4845621;$98.25;$98.94;$96.26
07/10/2020;97.99;3967111;$97;$98.05;$95.72
07/09/2020;96.99;6282261;$98.55;$98.91;$96.37
07/08/2020;98.84;5634590;$97.5;$98.98;$96.96
07/07/2020;97.07;6352887;$99.22;$99.55;$96.92
07/06/2020;99.95;4995015;$99.62;$100.03;$99.04
07/02/2020;98.43;5355296;$98.78;$99.66;$98.02
07/01/2020;97.4;5733768;$98.5;$98.7152;$97.11
06/30/2020;98.05;9065532;$96;$98.3;$95.64
06/29/2020;95.87;9624172;$93.7;$96;$93.7
06/26/2020;93.67;24918520;$98.5;$98.78;$93.57
06/25/2020;101.4;11531400;$99.23;$101.68;$98.8
06/24/2020;100.08;8611585;$100.94;$101.85;$98.09
06/23/2020;101.92;6498975;$101.15;$102.22;$100.71
06/22/2020;99.51;6918184;$96.85;$99.54;$96.0162
06/19/2020;95.78;10302900;$99.97;$99.98;$95.78
06/18/2020;98.45;4392371;$98.69;$99.42;$97.85
06/17/2020;99.21;3405545;$99;$100.24;$98.89
06/16/2020;99.04;6056391;$101.25;$101.34;$97.72
06/15/2020;97.84;8647885;$93.9;$98.08;$93.44
06/12/2020;96.43;7416393;$97.8;$97.8;$94.7401
06/11/2020;95.17;10976920;$98.38;$98.99;$94.88
06/10/2020;102.12;5194156;$103;$103.15;$101.7127
06/09/2020;102.63;5385911;$102.82;$103.77;$102.43
06/08/2020;104.29;6165363;$103.05;$104.3;$102.71
06/05/2020;102.71;8363601;$104;$104.69;$102.125
06/04/2020;101.28;8775038;$103.66;$103.9033;$100.47
06/03/2020;104.11;5867680;$101.26;$104.55;$101.12
06/02/2020;100.74;10798730;$99.42;$100.88;$98.82
06/01/2020;99.54;4299739;$98.4;$99.78;$97.89
05/29/2020;98.58;10333350;$98.19;$99.25;$96.93
05/28/2020;98.46;7262328;$100.09;$100.69;$98.25
05/27/2020;99.87;7915885;$98.12;$99.99;$97.62
05/26/2020;96.62;7185192;$95.98;$97.43;$95.28
05/22/2020;93.75;4049578;$94.42;$94.65;$93.35
05/21/2020;94.26;7504258;$92.88;$94.38;$92.37
05/20/2020;92.95;6346990;$93.2;$93.86;$92.7
05/19/2020;91.51;6514141;$90.85;$93.82;$90.82
05/18/2020;91.04;8519615;$90.49;$91.6;$89.88
05/15/2020;86.99;9164990;$85.25;$87.23;$84.88
05/14/2020;86.55;7431774;$85;$86.58;$84.11
05/13/2020;86.02;6739827;$87.38;$87.74;$85.2
05/12/2020;88.26;5622578;$91.53;$91.67;$88.15
05/11/2020;90.93;4937550;$89.45;$91.42;$89.14
05/08/2020;90.46;5489391;$90.11;$90.64;$89.5874
05/07/2020;88.56;4566317;$89.4;$90.24;$88.375
05/06/2020;88.44;7342304;$88.05;$88.69;$87.43
05/05/2020;87.2;6321466;$86.54;$88.525;$86.03
05/04/2020;85.75;6349037;$84.68;$85.8;$84.31
05/01/2020;85.54;6151242;$85.67;$86.105;$84.81
04/30/2020;87.18;9371430;$87;$88;$86.505
04/29/2020;88.07;9461406;$90;$91.39;$87.83
04/28/2020;88.8;5145355;$90.55;$90.71;$88.63
04/27/2020;89.37;6875240;$88.38;$89.87;$87.31
04/24/2020;88.37;4450191;$88.89;$89.12;$87.645
04/23/2020;87.35;5343535;$88.94;$89.53;$87.26
04/22/2020;88.77;6463929;$86.98;$89.44;$86.42
04/21/2020;85.2;6596992;$85.99;$86.9;$85.09
04/20/2020;87.9;7244372;$88.43;$89.44;$87.52
04/17/2020;89.91;8111384;$89;$90.25;$88.36
04/16/2020;86.3;9373831;$85.43;$86.53;$84.55
04/15/2020;85.04;8053875;$84.87;$85.875;$83.71
04/14/2020;87.47;6397244;$85.95;$87.77;$85.48
04/13/2020;84.46;5077961;$85.8;$85.99;$84.14
04/09/2020;86.79;7773978;$86.69;$87.3896;$85.16
04/08/2020;85.3;6642735;$84.7;$85.77;$83.61
04/07/2020;84.16;10468060;$88.7;$88.87;$84.03
04/06/2020;84.63;11266500;$81.91;$85.04;$81.21
04/03/2020;78.86;8476870;$79.36;$79.79;$77.905
04/02/2020;80.14;12731460;$79;$81.6;$77.16
04/01/2020;79.23;9771306;$79.49;$81.18;$78.53
03/31/2020;82.74;9618581;$85.13;$85.73;$82.4
03/30/2020;85.38;10960130;$84;$85.96;$81.5
03/27/2020;83.23;14183380;$81.7;$85.74;$79.51
03/26/2020;84.3;17204690;$80.17;$86.86;$80.01
03/25/2020;79.01;27053250;$80.11;$83.4899;$76.2
03/24/2020;72.33;18849460;$65.7;$72.66;$64
03/23/2020;62.8;17690000;$65;$66.88;$60.58
03/20/2020;67.45;15761860;$71.51;$74.06;$67.2
03/19/2020;70.34;16177150;$67.04;$72.71;$64.15
03/18/2020;68.04;19498810;$64.79;$68.33;$60
03/17/2020;69.84;17122100;$67.51;$73.3299;$62.4
03/16/2020;66.79;17976680;$65.28;$72.97;$63.37
03/13/2020;75.58;21859580;$78.2;$78.2;$71.76
03/12/2020;74.2;21534810;$78.23;$78.49;$73
03/11/2020;84,00;16172670;$84;$84.625;$82.07
03/10/2020;88.3;12755880;$86.69;$88.4;$82.88
03/09/2020;84.11;13272740;$81.89;$86.74;$80.92
03/06/2020;88.36;12336710;$88.36;$89.39;$85.88
03/05/2020;90.58;8851096;$91.26;$91.68;$89.94
03/04/2020;93.79;6904443;$92.08;$93.82;$90.84
03/03/2020;90.93;14767610;$92.74;$94.98;$90.57
03/02/2020;92.68;14102050;$89.6;$93.14;$87.91
02/28/2020;89.38;16565660;$86.03;$89.47;$85.15
02/27/2020;88.55;12825660;$90;$93.06;$88.5
02/26/2020;92,00;9308916;$93.08;$94.65;$91.99
02/25/2020;92.9;9602121;$96.35;$96.76;$92.62
02/24/2020;95.91;8364218;$95.54;$97.07;$95.25
02/21/2020;100.25;5750854;$102;$102.08;$99.63
02/20/2020;102.53;6427606;$102.46;$102.63;$100.55
02/19/2020;102.46;6200501;$102.66;$103.39;$102.43
02/18/2020;102,00;4916709;$103;$103.38;$101.61
02/14/2020;103.54;4305480;$103.53;$103.89;$102.445
02/13/2020;103.37;5386913;$102.51;$103.74;$101.68
02/12/2020;103,00;8075612;$100.74;$103.08;$100.44
02/11/2020;100.02;4871893;$100.07;$100.35;$99.44
02/10/2020;100.02;4213929;$99.22;$100.51;$99
02/07/2020;99.44;4122035;$99.81;$100.4;$98.97
02/06/2020;100.27;5641823;$100.9;$101.53;$100.155
02/05/2020;100.54;6108309;$101.76;$101.97;$99.53
02/04/2020;101.38;6559561;$101.91;$102.78;$101.26
02/03/2020;99.27;9727690;$99;$100.92;$98.57
01/31/2020;96.3;8780345;$98.11;$98.45;$95.92
01/30/2020;98.19;7065065;$99.02;$99.75;$97.37
01/29/2020;99.84;4504110;$101.07;$101.3;$99.17
01/28/2020;100.41;5673193;$100.34;$101.05;$99.52
01/27/2020;100.24;9841427;$98.21;$100.71;$98.01
01/24/2020;102.03;3839278;$103.59;$103.89;$101.66
01/23/2020;103.02;7102868;$104.03;$104.37;$102.62
01/22/2020;104.49;5031401;$105;$105.62;$104.42
01/21/2020;104.58;4854693;$104.25;$104.69;$103.81
01/17/2020;104.53;6271369;$103.43;$104.55;$103.34
01/16/2020;103.37;6571710;$102.88;$103.57;$102.85
01/15/2020;102.79;4209191;$103.25;$103.6999;$102.475
01/14/2020;102.92;5088633;$102.45;$103.89;$102.35
01/13/2020;102.16;6722718;$101;$102.34;$100.82
01/10/2020;100.9;5135459;$101.89;$101.93;$100.76
01/09/2020;101.48;5007639;$101.94;$102.41;$101.385
01/08/2020;101.55;4942205;$101.31;$102.14;$100.85
01/07/2020;101.78;6818719;$101.81;$102.74;$100.8126
01/06/2020;101.83;4612752;$100.95;$101.84;$100.8686
01/03/2020;101.92;4542003;$100.59;$102;$100.31
01/02/2020;102.2;5644162;$101.36;$102.21;$101.015
12/31/2019;101.31;3213979;$100.58;$101.39;$100.51
12/30/2019;100.8;3496131;$101.54;$101.61;$100.46
12/27/2019;101.57;5307896;$101;$101.79;$100.99
12/26/2019;100.71;3710616;$100.34;$100.75;$100.11
12/24/2019;100.14;3328094;$99.83;$100.66;$99.76
12/23/2019;100.04;6351639;$100.23;$100.69;$99.55
12/20/2019;99.96;17646650;$101;$101.4;$98.85
12/19/2019;101.15;12370930;$100.5;$101.27;$99.63
12/18/2019;100.57;7340058;$100.195;$100.79;$99.58
12/17/2019;99.65;7054362;$99.38;$100.17;$99.05
12/16/2019;98.81;8214040;$98.14;$99.34;$98.06
12/13/2019;97.77;5248136;$97.43;$98.29;$96.91
12/12/2019;97.72;4763208;$97.32;$98.18;$96.9
12/11/2019;97.18;4319849;$96.9;$97.32;$96.65
12/10/2019;97.01;4234325;$96.76;$97.59;$96.63
12/09/2019;96.63;6579399;$97.02;$97.63;$96.16
12/06/2019;97,00;6369262;$96.56;$97.31;$96.38
12/05/2019;95.79;6946016;$95.88;$95.95;$94.682
12/04/2019;93.72;4456371;$92.81;$93.7871;$92.73
12/03/2019;92.46;5995990;$92.48;$92.545;$91.31
12/02/2019;93.56;3893216;$94.09;$94.28;$92.98
11/29/2019;93.49;2541808;$94.37;$94.61;$93.39
11/27/2019;94.14;4017613;$93.5;$94.38;$93.5
11/26/2019;93.33;5908540;$93.38;$93.63;$93.02
11/25/2019;92.9;5419903;$93.78;$93.97;$92.74
11/22/2019;93.34;4264394;$92.21;$93.3499;$91.93
11/21/2019;92.16;5493063;$92.62;$93.3;$92.07
11/20/2019;93.05;6235624;$94.11;$94.4;$92.77
11/19/2019;93.61;5382247;$94.61;$95.12;$93.06
11/18/2019;94.18;6165745;$93.5;$94.26;$92.91
11/15/2019;93.04;6785736;$92.14;$93.56;$91.96
11/14/2019;91.27;6035607;$91.49;$91.96;$90.72
11/13/2019;91.29;5955836;$89.73;$91.55;$89.57
11/12/2019;89.5;3982543;$90.31;$92.03;$89.49
11/11/2019;90.05;3247447;$89.37;$90.1;$89.37
11/08/2019;89.81;4555402;$90.28;$90.35;$89.29
11/07/2019;90.4;7110290;$90.47;$90.6;$89.77
11/06/2019;89.48;7033830;$90.64;$90.72;$88.74
11/05/2019;89.88;5589669;$90.15;$90.335;$89.54
11/04/2019;89.86;8161181;$90.13;$90.563;$89.32
11/01/2019;89.18;5263599;$90.18;$90.528;$89
10/31/2019;89.55;6752001;$90;$90.41;$88.94
10/30/2019;90.19;8127544;$89.45;$90.27;$89.35
10/29/2019;89.28;9044652;$90.85;$90.92;$89.13
10/28/2019;90.85;10304700;$91.06;$91.3;$90.17
10/25/2019;90.92;8147156;$91.44;$91.83;$90.75
10/24/2019;91.5;12134860;$92.68;$92.87;$90.99
10/23/2019;92.32;11985170;$95.03;$95.54;$92.12
10/22/2019;95.6;5492396;$96.06;$96.83;$95.52
10/21/2019;96.22;5368220;$96.61;$96.87;$95.42
10/18/2019;96.1;6209222;$94.81;$96.455;$94.8
10/17/2019;95.56;3447921;$95.565;$95.89;$94.97
10/16/2019;94.88;4885561;$94.09;$95.14;$94.07
10/15/2019;94.79;4301375;$95;$95.18;$94.12
10/14/2019;94.88;4713929;$94.2;$95.25;$94.05
10/11/2019;93.88;6254127;$94;$94.57;$93.56
10/10/2019;93,00;5870707;$93.5;$93.5;$92.72
10/09/2019;92.52;5136966;$92.41;$93.045;$91.82
10/08/2019;91.75;7299682;$90.45;$92.71;$90.41
10/07/2019;93.17;4987534;$92.5;$93.92;$92.4
10/04/2019;93.07;4580028;$92.22;$93.17;$91.93
10/03/2019;92.22;5934889;$91.31;$92.32;$90.35
10/02/2019;91.49;6974361;$91.47;$91.84;$90.57
10/01/2019;92.28;8504893;$94.13;$94.75;$92.06
09/30/2019;93.92;7659423;$92.53;$94.08;$92.5
09/27/2019;92.31;6424104;$91.85;$92.86;$91.6
09/26/2019;92.17;10539860;$91.62;$92.45;$90.25
09/25/2019;90.81;25406830;$91.78;$92.79;$90.15
09/24/2019;87.18;11247830;$88.45;$88.69;$86.76
09/23/2019;87.69;4871541;$86.98;$88.02;$86.795
09/20/2019;86.68;7032347;$88;$88.485;$86.67
09/19/2019;87.7;4235531;$88.4;$88.72;$87.505
09/18/2019;88.08;4745365;$87.65;$88.4;$87.21
09/17/2019;87.59;3269921;$86.77;$87.64;$86.47
09/16/2019;87.27;4171743;$87.09;$87.82;$86.67
09/13/2019;87.32;5894673;$88.25;$88.79;$87.3
09/12/2019;87.67;4057450;$87.1;$88.07;$86.22
09/11/2019;86.75;4623276;$86.96;$87.245;$85.8725
09/10/2019;86.83;7072680;$88.26;$88.63;$86.29
09/09/2019;88.67;4282442;$88.94;$89.35;$88.42
09/06/2019;88.69;3625337;$88.4;$88.98;$88.02
09/05/2019;88.42;6328520;$87.28;$88.6152;$87.28
09/04/2019;86.35;4166481;$85.58;$86.5;$85.5
09/03/2019;84.67;6360877;$84;$84.83;$83.62
08/30/2019;84.5;5235369;$85.7;$85.99;$84.4083
08/29/2019;85.38;5102066;$84.22;$85.77;$84.17
08/28/2019;83.48;4129761;$81.9;$83.59;$81.72
08/27/2019;82.03;3842507;$82.63;$83.18;$82
08/26/2019;82.25;4336049;$81.44;$82.28;$80.7442
08/23/2019;80.44;8499257;$82.02;$82.76;$80.03
08/22/2019;83.31;5571618;$83;$83.72;$82.5
08/21/2019;82.74;6454171;$81.94;$82.84;$81.63
08/20/2019;80.53;5903126;$80.72;$81.23;$79.45
08/19/2019;81.13;7027942;$82;$82.34;$80.83
08/16/2019;80.28;5648999;$80.09;$80.56;$79.25
08/15/2019;79.51;6713615;$80.93;$81.3;$79.44
08/14/2019;81.03;7266253;$81.24;$81.69;$80.51
08/13/2019;83.32;6940602;$81.17;$84.15;$80.85
08/12/2019;81.65;3762631;$81.41;$81.95;$81.18
08/09/2019;81.98;5460193;$83.14;$83.43;$81.32
08/08/2019;83,00;6208980;$81.81;$83.36;$81.6092
08/07/2019;81.28;6275010;$80.5;$81.82;$80.09
08/06/2019;81.3;8664534;$79.85;$81.59;$79.49
08/05/2019;78.97;8493272;$79.66;$80.05;$78.185
08/02/2019;81.14;8761409;$82.53;$83.24;$80.79
08/01/2019;83.12;7871849;$85.26;$86.77;$82.7
07/31/2019;86.03;5818168;$87.09;$87.27;$85.55
07/30/2019;87.2;3562999;$86.82;$87.9108;$86.36
07/29/2019;87.62;4387337;$87.65;$87.87;$87.18
07/26/2019;87.54;3707249;$87.44;$87.84;$86.77
07/25/2019;87.28;4546496;$86.82;$87.5;$86.59
07/24/2019;86.7;6362911;$86.65;$87.21;$86.305
07/23/2019;86.7;5659933;$86.64;$87.1;$86.23
07/22/2019;85.97;6810325;$86.56;$86.99;$85.83
07/19/2019;86.55;6635634;$87.73;$87.88;$86.48
07/18/2019;87.44;4609157;$87.63;$87.76;$86.755
07/17/2019;87.5;4461701;$88.42;$88.685;$87.44
07/16/2019;88.6;5812813;$89.5;$89.7077;$88.57
07/15/2019;89.48;3751294;$89.06;$89.87;$89.06
07/12/2019;89.12;4240956;$88.18;$89.31;$88.01
07/11/2019;88.29;3942358;$87.71;$88.3;$87.4
07/10/2019;87.44;5985455;$88.48;$88.94;$87.39
07/09/2019;88.04;6219722;$88.1;$88.8;$87.82
07/08/2019;88.48;7051999;$86.06;$88.52;$85.97
07/05/2019;86.82;6440908;$85.8;$86.91;$85.42
07/03/2019;86.2;4012837;$85.33;$86.2901;$85.12
07/02/2019;84.96;7189294;$85.36;$85.47;$84.22
07/01/2019;85.41;6607555;$84.93;$86.28;$84.9
06/28/2019;83.95;12443840;$83.99;$84.75;$82.67
06/27/2019;83.66;11436710;$82.93;$83.77;$82.93
06/26/2019;82.55;5838460;$83.15;$83.69;$82.44
06/25/2019;82.62;7339868;$84.6;$84.69;$82.16
06/24/2019;84.5;8043728;$86;$86.85;$84.365
06/21/2019;85.75;9289833;$85.16;$85.75;$84.6
06/20/2019;85.24;6163840;$84.9;$85.67;$84.42
06/19/2019;83.55;6217785;$83.73;$83.9;$83.14
06/18/2019;84.3;6456476;$82.7;$84.645;$82.5
06/17/2019;82.11;5101891;$83.34;$83.46;$82.01
06/14/2019;83.44;4355606;$83.51;$83.855;$83.04
06/13/2019;83.61;3383394;$83.15;$83.915;$83.045
06/12/2019;82.63;4026188;$83.48;$84.02;$82.52
06/11/2019;83.26;3939370;$83.65;$84.335;$83.125
06/10/2019;82.58;4419758;$83.75;$84.2;$82.45
06/07/2019;83.41;3891114;$83.09;$83.68;$82.81
06/06/2019;82.45;4952974;$82.72;$83.06;$82.08
06/05/2019;82.72;8173198;$82.29;$82.9;$81.93
06/04/2019;81.62;7526860;$79.3;$81.65;$78.78
06/03/2019;77.96;11665480;$77.24;$78.58;$77.08
05/31/2019;77.14;8891080;$78;$78.26;$77.07
05/30/2019;79.26;6177832;$78.92;$79.73;$78.61
05/29/2019;78.87;10116910;$80.71;$80.86;$77.7
05/28/2019;81.2;7927485;$82.85;$83.19;$81.13
05/24/2019;82.16;5998980;$82.2;$83.17;$82.09
05/23/2019;82.64;9704192;$82.5;$83.06;$81.99
05/22/2019;83.2;5237761;$82.99;$83.34;$82.76
05/21/2019;83.64;5762586;$83.36;$83.8;$82.51
05/20/2019;82.85;7182345;$83.8;$83.8;$82.735
05/17/2019;84.57;5068366;$83.51;$85.515;$83.5
05/16/2019;84.28;6745317;$84.51;$85.4;$84.2
05/15/2019;84.01;4862202;$83.17;$84.49;$82.94
05/14/2019;83.67;7529248;$82.78;$84;$82.06
05/13/2019;82.53;6445267;$81.65;$82.63;$81.32
05/10/2019;83.95;5450504;$82.78;$84.27;$82.19
05/09/2019;82.98;6336567;$82.21;$83.01;$81.5355
05/08/2019;82.77;9501257;$82.43;$83.99;$82.14
05/07/2019;82.54;9811257;$83.02;$83.63;$81.83
05/06/2019;83.57;12836650;$83.77;$83.87;$82.86
05/03/2019;85.7;6798283;$85.9;$86.3;$85.695
05/02/2019;85.27;6813740;$86.21;$86.28;$84.985
05/01/2019;85.9;6524576;$87.73;$87.95;$85.87
04/30/2019;87.83;7569165;$88.29;$88.4;$87.26
04/29/2019;88.26;5008209;$88.18;$88.505;$88.13
04/26/2019;88.31;6060305;$87.95;$88.94;$87.33
04/25/2019;87.56;6866442;$88.4;$88.54;$87.49
04/24/2019;88.39;8060326;$87.67;$88.8241;$87.43
04/23/2019;87.43;7513422;$87.57;$87.67;$87.0092
04/22/2019;87.36;5292061;$88.35;$88.64;$87.3
04/18/2019;89.2;6921334;$88.76;$90;$88.7
04/17/2019;88.73;5586181;$87.95;$88.97;$87.45
04/16/2019;87.8;4652552;$87;$87.95;$87
04/15/2019;86.83;5034861;$86.89;$87.2428;$86.4388
04/12/2019;86.24;6035496;$85.3;$86.49;$85.29
04/11/2019;85,00;3347278;$84.9;$85.05;$84.2837
04/10/2019;84.88;3695441;$84.64;$85.01;$84.56
04/09/2019;84.28;3802699;$84.22;$84.6;$83.97
04/08/2019;84.73;4703971;$85.01;$85.29;$84.57
04/05/2019;85.4;7280614;$86;$86.16;$85.05
04/04/2019;85.28;3624219;$84.49;$85.38;$84.36
04/03/2019;84.47;4041333;$84.9;$84.99;$84.25
04/02/2019;84.37;4431854;$85;$85.26;$84.16
04/01/2019;85.23;6162022;$85.04;$85.32;$84.7
03/29/2019;84.21;6273052;$84.6;$84.85;$83.86
03/28/2019;84.04;6021960;$83.93;$84.72;$83.7
03/27/2019;83.09;6427990;$83.69;$83.8;$82.04
03/26/2019;83.38;9437508;$83.63;$84.09;$82.91
03/25/2019;82.33;15494670;$81.48;$83.22;$80.89
03/22/2019;82.19;21640290;$85.2;$85.9;$82.15
03/21/2019;88.01;9766815;$87.24;$88.12;$86.83
03/20/2019;86.69;5959681;$87.5;$87.58;$86.09
03/19/2019;87.69;6611232;$88.22;$88.59;$87.29
03/18/2019;87.82;7708717;$87.3;$87.84;$87
03/15/2019;86.8;11030300;$87.22;$87.6053;$85.955
03/14/2019;86.87;5905519;$86.15;$86.88;$85.7
03/13/2019;85.93;5037665;$85.7;$86.655;$85.6
03/12/2019;85.43;4431015;$85.78;$86.08;$85.02
03/11/2019;85.82;3915318;$85.39;$85.94;$85.05
03/08/2019;84.8;4669075;$84.58;$84.88;$84.02
03/07/2019;85.26;4244522;$84.97;$85.41;$84.66
03/06/2019;85.13;3197751;$85.6;$85.99;$85.04
03/05/2019;85.44;4801785;$85.88;$86.25;$85.44
03/04/2019;85.64;7314775;$87.32;$87.99;$85.11
03/01/2019;87.16;6313067;$86.93;$87.99;$86.24
02/28/2019;85.73;4988103;$86.08;$86.4;$85.68
02/27/2019;86.17;4588157;$85.53;$86.22;$85.06
02/26/2019;85.8;6678195;$85.31;$86.08;$85.2
02/25/2019;85.17;6227962;$85.39;$85.73;$84.96
02/22/2019;84.76;4449464;$84.2;$85.02;$84.0301
02/21/2019;83.95;8548669;$83.57;$84.152;$83.35
02/20/2019;84.84;4113105;$84.63;$84.95;$84.35
02/19/2019;84.57;5105853;$84.58;$85.05;$84.46
02/15/2019;85.38;6099597;$85.49;$85.78;$85.1
02/14/2019;84.68;4818426;$84.61;$85.14;$83.7
02/13/2019;85.4;5029337;$84.76;$85.59;$84.76
02/12/2019;84.71;6064505;$83.97;$84.84;$83.62
02/11/2019;83.68;6157682;$82.95;$83.83;$82.8704
02/08/2019;82.36;3786498;$82.25;$82.72;$81.94
02/07/2019;82.39;4811641;$82.15;$82.845;$81.71
02/06/2019;82.71;3682799;$82.51;$82.71;$81.64
02/05/2019;82.86;6466540;$81.98;$83.19;$81.93
02/04/2019;81.99;4222399;$81.22;$82;$80.83
02/01/2019;81.51;5310068;$81.83;$81.9;$81.13
01/31/2019;81.88;8598038;$81.18;$81.95;$80.71
01/30/2019;81.28;5197888;$80.4;$81.29;$80.0601
01/29/2019;80.22;4186228;$80.36;$80.83;$79.84
01/28/2019;80.32;5416936;$79.8;$80.505;$79.74
01/25/2019;80.61;4457056;$81.25;$81.3319;$80.43
01/24/2019;80.44;4615259;$80.6;$80.87;$79.55
01/23/2019;80.5;5721545;$81.19;$81.4;$80.22
01/22/2019;80.75;8218282;$80.33;$81.3129;$80.2
01/18/2019;80.45;10386740;$79.95;$80.97;$79.74
01/17/2019;79.13;7719393;$77.54;$79.4;$77.31
01/16/2019;77.68;5479452;$78;$78.85;$77.5863
01/15/2019;77.88;6208058;$76.19;$77.98;$76.13
01/14/2019;76.09;5566109;$75.46;$76.81;$75.46
01/11/2019;76.04;10604750;$76.34;$76.89;$75.8
01/10/2019;76.42;10975960;$75.64;$77.34;$75.46
01/09/2019;76.59;8568712;$76.97;$77.15;$76.14
01/08/2019;76.73;7836466;$76.83;$77.4;$76.2
01/07/2019;75.72;8064941;$74.74;$76.365;$74.3
01/04/2019;74.65;7751818;$73.45;$75.12;$73.12
01/03/2019;72.75;8006512;$73.25;$73.32;$71.21
01/02/2019;74.06;6758262;$72.79;$74.64;$72.19
12/31/2018;74.14;5519125;$73.98;$74.46;$73.515
12/28/2018;73.34;6196559;$73.97;$74.46;$72.57
12/27/2018;73.67;8874791;$72.18;$73.73;$70.99
12/26/2018;73.01;9887110;$68.7;$73.01;$68.65
12/24/2018;68.1;8551422;$71.4;$71.93;$68.08
12/21/2018;72.37;28472470;$73.29;$74.29;$71.25
12/20/2018;67.53;14097880;$68.73;$69.57;$66.53
12/19/2018;68.97;8425563;$71.45;$72;$68.32
12/18/2018;71.15;7512000;$70.9;$72.41;$70.43
12/17/2018;69.9;10598680;$71.37;$71.77;$69.455
12/14/2018;72.53;7212508;$71.97;$73.65;$71.41
12/13/2018;72.93;7454573;$74.5;$74.59;$72.59
12/12/2018;74.32;6950358;$74.52;$75.28;$73.51
12/11/2018;73.57;6949676;$73.87;$74.57;$72.56
12/10/2018;72.51;7234935;$73.1;$73.71;$70.61
12/07/2018;73.34;5708606;$75.04;$75.97;$72.87
12/06/2018;75.54;9427778;$74.37;$75.565;$73.59
12/04/2018;75.79;8603738;$77.42;$78.4;$75.41
12/03/2018;77.94;10208010;$77.1;$79;$76.93
11/30/2018;75.12;7947326;$74.18;$75.48;$73.9
11/29/2018;74.34;5366650;$74.64;$74.95;$73.32
11/28/2018;74.66;6166123;$72.3;$74.76;$72.3
11/27/2018;72.09;5008025;$72.28;$72.55;$71.3
11/26/2018;72.71;5876676;$72.34;$73;$72.27
11/23/2018;71.49;2582343;$72.05;$72.52;$71.405
11/21/2018;72.37;7326130;$71.99;$72.9;$71.81
11/20/2018;71.12;9053844;$70.49;$72.07;$69.52
11/19/2018;72.52;6691538;$74.69;$74.75;$71.86
11/16/2018;74.74;8013135;$73.76;$75.52;$73.06
11/15/2018;74.33;7846461;$74.44;$74.67;$72.89
11/14/2018;75.2;7866200;$76.32;$77.49;$74.89
11/13/2018;75.2;4535437;$75.53;$76.265;$74.84
11/12/2018;75.1;5196315;$76.35;$76.77;$74.99
11/09/2018;76.36;4737578;$77.71;$77.77;$75.525
11/08/2018;77.78;5387589;$77.69;$78.16;$77.24
11/07/2018;77.97;5345504;$76.94;$78.23;$76.57
11/06/2018;76.57;6422080;$77.34;$77.58;$76.355
11/05/2018;77.53;7039159;$76.49;$77.77;$76.05
11/02/2018;76.58;6986024;$77.53;$78.59;$75.71
11/01/2018;76.79;5845058;$75.23;$76.84;$74.84
10/31/2018;75.04;8718344;$75.5;$76.34;$74.92
10/30/2018;74.51;9391626;$73.07;$74.64;$72.81
10/29/2018;72.19;9856907;$73.26;$74.01;$71.39
10/26/2018;72.07;8366028;$72;$72.71;$70.69
10/25/2018;73.1;7609147;$72.69;$73.495;$72.23
10/24/2018;72.12;8274164;$73.47;$74.6055;$71.95
10/23/2018;73.35;11417330;$74.19;$74.38;$72.07
10/22/2018;74.9;7003610;$74.65;$75.21;$74.3
10/19/2018;74.21;7030106;$75.83;$76.05;$74.14
10/18/2018;75.6;7230475;$77.4;$77.41;$75.0031
10/17/2018;76.48;6338565;$77.52;$77.8;$75.94
10/16/2018;77.48;7458229;$75.6;$77.65;$75.32
10/15/2018;74.99;5479091;$75.77;$76.16;$74.97
10/12/2018;75.91;9853972;$75.97;$76.86;$74.91
10/11/2018;74.51;11527200;$74.77;$77.07;$73.9
10/10/2018;74.94;12889700;$79.66;$80.04;$74.77
10/09/2018;80.42;7643285;$80.37;$81.49;$80.16
10/08/2018;80.23;7763559;$80.04;$80.54;$79.08
10/05/2018;80.12;7015432;$80.09;$80.99;$79.43
10/04/2018;80.18;9159094;$82.34;$82.48;$80.02
10/03/2018;82.5;9926200;$81.93;$82.96;$81.75
10/02/2018;82.77;7901256;$84.34;$84.55;$82.5
10/01/2018;84.46;7826230;$85.1;$85.85;$84.37
09/28/2018;84.72;7310263;$84.29;$85.27;$84.25
09/27/2018;84.54;6079493;$83.77;$84.915;$83.73
09/26/2018;83.7;16311620;$82.61;$84.73;$81.95
09/25/2018;84.79;9854413;$84.86;$85.1;$84.07
09/24/2018;84.27;8751994;$85.16;$85.26;$84.25
09/21/2018;85.55;13761830;$86;$86.04;$85.01
09/20/2018;85.37;6478787;$85.09;$85.87;$84.93
09/19/2018;84.43;8039962;$85.69;$85.85;$84.115
09/18/2018;85.26;7236949;$83.24;$85.35;$83.24
09/17/2018;83.26;4786474;$83.49;$83.93;$82.94
09/14/2018;83.49;4777086;$83.58;$83.84;$83.06
09/13/2018;83.47;5311784;$83.21;$83.9;$83.12
09/12/2018;83,00;5359241;$82.7;$83.04;$82.04
09/11/2018;82.63;7165497;$83.2;$83.58;$82.55
09/10/2018;82.1;6964474;$81.39;$82.44;$81.22
09/07/2018;80.3;6629015;$80.01;$81.16;$80.01
09/06/2018;80.4;8576127;$80.17;$80.84;$79.77
09/05/2018;79.92;12266710;$79.648;$80.32;$79.301
09/04/2018;79.6;18544300;$79.39;$80.97;$79
08/31/2018;82.2;5177087;$81.25;$82.25;$81.25
08/30/2018;81.4;7122126;$82.58;$82.76;$81.01
08/29/2018;82.79;5712323;$82.42;$83.1;$82.22
08/28/2018;82.58;3788197;$83.23;$83.63;$82.48
08/27/2018;82.65;4012423;$83.04;$83.45;$82.23
08/24/2018;82.45;3452938;$82.42;$82.8793;$82.1
08/23/2018;82.91;4155348;$82.43;$83.57;$82.34
08/22/2018;82.64;4265040;$83.1;$83.68;$82.28
08/21/2018;82.95;6235596;$82.31;$83.075;$82.02
08/20/2018;82.18;9335988;$81.52;$82.42;$80.95
08/17/2018;79.75;9001370;$80.04;$80.4353;$79.68
08/16/2018;80.05;5456115;$79.9;$80.61;$79.8
08/15/2018;79.57;5049466;$79.57;$79.86;$79.12
08/14/2018;80.14;6079711;$80.33;$80.845;$79.68
08/13/2018;80.15;4033883;$80.82;$81.145;$80.01
08/10/2018;80.73;5035611;$80.82;$81.285;$80.29
08/09/2018;81.26;4549463;$80.49;$81.88;$80.41
08/08/2018;80.5;5327076;$80.21;$81.08;$80.04
08/07/2018;80.53;5408157;$79.73;$80.63;$79.27
08/06/2018;79.51;4181480;$78.74;$79.58;$78.43
08/03/2018;78.74;3762050;$78.73;$78.98;$78.44
08/02/2018;78.65;5268030;$77.77;$79.07;$77.4
08/01/2018;77.54;6878296;$76.5;$78.06;$76.5
07/31/2018;76.91;8030610;$76.44;$77.59;$76.16
07/30/2018;75.96;7097889;$76.88;$76.96;$75.43
07/27/2018;76.89;6125358;$78.17;$78.41;$76.79
07/26/2018;78.15;6706182;$77;$78.44;$76.82
07/25/2018;77.16;5541920;$75.24;$77.18;$75.06
07/24/2018;75.53;6036522;$76.85;$77.09;$75.435
07/23/2018;76.59;3946544;$76.71;$76.95;$76.13
07/20/2018;76.96;5246412;$76.31;$77.08;$76.16
07/19/2018;76.95;4790691;$75.93;$77.155;$75.8
07/18/2018;76.59;6065485;$77.43;$77.62;$76.32
07/17/2018;77.47;4354012;$77.51;$78.02;$77.4
07/16/2018;77.75;4745723;$77.36;$78.095;$77.3
07/13/2018;77.38;2963129;$77.2;$77.61;$77.14
07/12/2018;77.37;4879171;$77.94;$78.18;$77.23
07/11/2018;77.36;3577802;$77.13;$77.64;$76.83
07/10/2018;77.57;6280356;$77.44;$78.09;$77.16
07/09/2018;77.28;4869853;$76.84;$77.38;$76.345
07/06/2018;76.48;5916217;$76.48;$77.08;$76.07
07/05/2018;76.55;6478082;$76.62;$77.42;$76.14
07/03/2018;76.28;5794853;$77.41;$77.89;$76.1
07/02/2018;78.35;11866530;$78.58;$79.48;$77.02
06/29/2018;79.68;31312180;$78.76;$81;$78.36
06/28/2018;71.7;8826455;$71.45;$72.12;$71.35
06/27/2018;71.35;7617238;$72.73;$72.95;$71.15
06/26/2018;72.56;7071092;$72.5;$73.29;$72.35
06/25/2018;72.35;9062958;$73.32;$73.36;$72.03
06/22/2018;73.43;9532751;$73.57;$74.41;$73.21
06/21/2018;73.94;5537365;$73.7;$74.79;$73.55
06/20/2018;74.72;4424711;$74.2;$74.91;$73.97
06/19/2018;74.26;7550825;$74.5;$74.92;$73.65
06/18/2018;75.61;4514603;$75.28;$75.7628;$74.91
06/15/2018;75.84;10948670;$74.71;$75.85;$74.5
06/14/2018;74.7;4533139;$74.6;$75.15;$74.35
06/13/2018;74.11;4528881;$74.27;$74.9;$73.99
06/12/2018;74.29;4334507;$74.42;$74.61;$74.065
06/11/2018;74.59;4703486;$75.06;$75.21;$74.54
06/08/2018;74.9;5440023;$74.78;$75.07;$74.3
06/07/2018;74.76;6629831;$74.95;$75.9101;$74.65
06/06/2018;74.75;5318054;$74.38;$74.94;$74.19
06/05/2018;74.05;4927872;$73.61;$74.22;$73.14
06/04/2018;73.83;4578937;$73;$73.87;$72.79
06/01/2018;72.76;4085559;$72.12;$72.95;$72.12
05/31/2018;71.8;7856159;$72;$72.22;$71.235
05/30/2018;72.23;5799696;$71.46;$72.29;$70.94
05/29/2018;70.92;5857814;$71.52;$71.61;$70.43
05/25/2018;72.25;5889671;$73.1;$73.49;$71.63
05/24/2018;72.18;5606709;$71.43;$72.28;$71.32
05/23/2018;71.34;6786792;$70.95;$71.915;$70.83
05/22/2018;71.31;5674911;$71.46;$72.19;$71.255
05/21/2018;71.38;5455534;$71.48;$71.7;$70.71
05/18/2018;71.32;5683029;$70.76;$71.59;$70.47
05/17/2018;70.94;6055376;$71.4;$71.6;$70.82
05/16/2018;71.34;9243255;$69.67;$71.51;$69.62
05/15/2018;69.5;5025069;$68.31;$69.52;$68.23
05/14/2018;68.84;3446381;$68.6;$68.885;$68.11
05/11/2018;68.43;4145059;$68.03;$68.53;$67.91
05/10/2018;67.92;4964839;$68.14;$68.27;$67.325
05/09/2018;67.95;7947006;$68.42;$68.47;$67.005
05/08/2018;68.46;6447606;$69.2;$69.23;$68.2
05/07/2018;69.34;5043540;$68.06;$69.415;$68.06
05/04/2018;68.1;5131935;$66.84;$68.325;$66.8
05/03/2018;66.9;6150997;$67.8;$67.85;$66.64
05/02/2018;68.26;5464142;$68.04;$68.56;$67.48
05/01/2018;68.1;4957762;$67.98;$68.21;$67.03
04/30/2018;68.39;6470382;$69.58;$69.81;$68.39
04/27/2018;69.56;7805774;$68.47;$70;$68.45
04/26/2018;68.05;5334694;$66.78;$68.2892;$66.64
04/25/2018;66.67;4899538;$66.84;$67;$66.25
04/24/2018;66.97;8176123;$67.31;$67.51;$66.72
04/23/2018;66.88;6242256;$66;$67.03;$65.95
04/20/2018;66.09;10401850;$65.75;$66.11;$65.45
04/19/2018;65.73;8262203;$66.03;$66.3;$64.99
04/18/2018;66.2;7370043;$67.53;$67.74;$66.16
04/17/2018;67.51;5603004;$67.37;$67.6701;$67.28
04/16/2018;67.06;6484339;$67.81;$67.98;$67.06
04/13/2018;67.25;4300162;$68.12;$68.33;$66.98
04/12/2018;67.77;5130704;$67.07;$68;$67.07
04/11/2018;66.83;5185380;$66.58;$67.1992;$66.52
04/10/2018;67,00;10120040;$67.81;$67.88;$66.49
04/09/2018;67.18;6504445;$68.39;$68.55;$67.15
04/06/2018;67.55;9706331;$68.51;$69.31;$66.93
04/05/2018;69.59;9040261;$68.5;$69.78;$68.39
04/04/2018;68.42;9957787;$65.97;$68.5;$65.93
04/03/2018;66.7;8754726;$64.47;$66.73;$64.36
04/02/2018;64.12;12382290;$65.97;$66.05;$63.21
03/29/2018;66.44;10435190;$65.7;$66.55;$65.61
03/28/2018;65.44;7179197;$66.59;$67.15;$65.27
03/27/2018;66.17;9444134;$65.89;$67.64;$65.43
03/26/2018;65.9;10711680;$65.08;$66.06;$64.99
03/23/2018;64.63;17314000;$66.7;$67.22;$64.46
03/22/2018;64.42;12220370;$65.6;$66.15;$64.23
03/21/2018;66.35;5787832;$66.73;$67.21;$66.31
03/20/2018;66.8;6896194;$65.94;$66.87;$65.93
03/19/2018;65.71;7230932;$65.7;$66.34;$65.19
03/16/2018;65.91;12838440;$66.31;$66.69;$65.91
03/15/2018;66.39;5246001;$66.49;$66.605;$66.13
03/14/2018;66.2;6456979;$66.65;$66.9;$65.67
03/13/2018;66.17;5167304;$67.3;$67.69;$66.13
03/12/2018;66.82;7522682;$66.65;$67.61;$66.32
03/09/2018;66.3;5838385;$65.51;$66.51;$65.36
03/08/2018;65.11;5508038;$64.56;$65.25;$64.48
03/07/2018;64.17;6452918;$64.51;$64.79;$63.89
03/06/2018;65.24;6535484;$65.21;$65.36;$64.63
03/05/2018;65.05;8482311;$65.48;$65.49;$64.34
03/02/2018;65.89;8380732;$64.91;$66.09;$64.21
03/01/2018;66.32;7318396;$67.24;$67.67;$65.67
02/28/2018;67.03;6083817;$68.1;$68.3;$67.01
02/27/2018;68.03;6834029;$70;$70.25;$68.03
02/26/2018;69.65;6498808;$68.39;$69.81;$68.34
02/23/2018;68.16;4428468;$67.39;$68.16;$66.85
02/22/2018;67.13;6462718;$67.25;$67.48;$66.74
02/21/2018;67.05;5099586;$67.66;$68.02;$67.03
02/20/2018;67.49;4851301;$67.64;$67.97;$67.05
02/16/2018;68.3;6830980;$67.9;$69;$67.74
02/15/2018;68.29;7384613;$68.39;$68.76;$67.25
02/14/2018;67.96;8656249;$65.72;$68.03;$65.55
02/13/2018;65.87;9534118;$65.85;$66.23;$65.43
02/12/2018;65.98;9781670;$65.94;$66.815;$65.68
02/09/2018;65.49;13732930;$63.76;$66.05;$62.84
02/08/2018;62.49;13760200;$65.53;$65.71;$62.46
02/07/2018;65.63;8836046;$65.15;$66.841;$65.1
02/06/2018;65.22;13351120;$62.48;$65.42;$62.09
02/05/2018;64.39;12418090;$66.63;$67.21;$64.39
02/02/2018;67.22;9326417;$67.22;$67.79;$67
02/01/2018;67.65;5790224;$67.67;$67.97;$66.7
01/31/2018;68.22;11035830;$67.5;$68.83;$67.47
01/30/2018;67.33;6337993;$67.5;$68.31;$67.16
01/29/2018;67.58;5009699;$67.82;$68.14;$67.42
01/26/2018;68.04;6290489;$68.2;$68.64;$67.92
01/25/2018;67.71;5689517;$68.13;$68.64;$67.45
01/24/2018;68,00;7440781;$67.34;$68.18;$67.07
01/23/2018;67.14;6408803;$66.53;$67.325;$66.445
01/22/2018;66.39;8491300;$66.55;$66.83;$65.76
01/19/2018;67.21;12864590;$65.31;$67.24;$65.12
01/18/2018;64.11;5618331;$64;$64.21;$63.54
01/17/2018;63.81;7385725;$63.67;$64.01;$63.08
01/16/2018;63.42;8995820;$64.78;$65.36;$63.37
01/12/2018;64.67;5090732;$64.5;$64.725;$64.315
01/11/2018;64.29;5097696;$64.03;$64.31;$63.78
01/10/2018;64.22;5010628;$63.88;$64.23;$63.435
01/09/2018;64.09;6707396;$64.23;$64.72;$63.47
01/08/2018;64.55;11893910;$64.15;$64.71;$63.98
01/05/2018;63.98;11554270;$63.7;$64.3;$63.4701
01/04/2018;63.44;5779236;$63.4;$63.55;$62.55
01/03/2018;63.48;6089699;$63.48;$63.66;$62.76
01/02/2018;63.49;6502121;$62.85;$63.49;$62.85
12/29/2017;62.55;5210448;$63.21;$63.37;$62.55
12/28/2017;62.95;3980309;$63;$63.32;$62.85
12/27/2017;62.95;8954465;$63.56;$63.6;$62.77
12/26/2017;63.65;4562670;$62.9;$63.89;$62.81
12/22/2017;63.29;20412160;$61.2;$63.54;$60.13
12/21/2017;64.77;14140260;$64.29;$64.98;$63.3
12/20/2017;63.59;12467170;$64.39;$64.5;$63.58
12/19/2017;64.24;8208068;$65.15;$65.185;$64.18
12/18/2017;64.81;12651740;$64.93;$65.08;$64.39
12/15/2017;64.79;15657940;$64.89;$65.07;$64.15
12/14/2017;64.53;12973890;$64.43;$64.85;$64.05
12/13/2017;64.3;15870140;$62.22;$64.46;$62.02
12/12/2017;62.17;7323388;$61.81;$62.53;$61.65
12/11/2017;61.91;9017614;$61.37;$62.22;$61.3
12/08/2017;61.3;5994810;$60.5;$61.37;$60.29
12/07/2017;60.6;6113267;$59.86;$61.06;$59.65
12/06/2017;59.72;7845476;$60.41;$60.85;$59.7
12/05/2017;60.42;8802654;$60.65;$60.8;$59.65
12/04/2017;60.1;7513229;$60.27;$60.695;$59.97
12/01/2017;59.88;10113570;$60.42;$60.43;$59.24
11/30/2017;60.42;12551200;$60.26;$61.21;$60.2
11/29/2017;60.36;12001110;$59.73;$60.63;$59.73
11/28/2017;59.58;8660300;$58.76;$59.6;$58.54
11/27/2017;59.63;7891586;$59.2;$59.7;$59.17
11/24/2017;59.32;3400441;$59;$59.35;$58.91
11/22/2017;59.07;8500489;$59.18;$59.34;$58.94
11/21/2017;59.39;8747863;$59.03;$59.4;$58.93
11/20/2017;59.25;8454699;$58.63;$59.5;$57.98
11/17/2017;59.19;15475190;$58.54;$59.53;$58.37
11/16/2017;57.23;8229222;$56.62;$57.2775;$56.41
11/15/2017;56.63;6610014;$55.96;$56.87;$55.08
11/14/2017;55.98;5037415;$55.71;$56.18;$55.53
11/13/2017;55.91;10105750;$55.66;$56.085;$55.66
11/10/2017;56.09;7535726;$55.88;$56.49;$55.62
11/09/2017;56.13;10946100;$55.5;$56.35;$55.31
11/08/2017;55.76;7078567;$55;$55.77;$54.89
11/07/2017;55.15;7364860;$55.75;$56.015;$55.02
11/06/2017;56.04;9241026;$55.29;$56.13;$55.14
11/03/2017;55.71;9448186;$55.15;$55.72;$55.04
11/02/2017;55.12;7250199;$55.15;$55.32;$54.59
11/01/2017;55.07;7499459;$55.42;$55.5;$54.85
10/31/2017;54.99;9785542;$54.75;$55.28;$54.52
10/30/2017;55.27;10169180;$55.71;$55.93;$54.84
10/27/2017;55.96;12791410;$55.82;$56.36;$55.65
10/26/2017;56.81;21878050;$55.26;$57.25;$55.14
10/25/2017;54.94;24785960;$53.43;$55.905;$52.67
10/24/2017;53.42;14729220;$53.9;$54;$53.1
10/23/2017;53.66;12223710;$53.06;$53.95;$53
10/20/2017;53.06;12905160;$52.79;$53.5;$52.79
10/19/2017;52.69;12568210;$51.66;$52.8;$51.48
10/18/2017;52.3;10890150;$52.18;$52.4;$52.1
10/17/2017;52,00;9491074;$51.5;$52.04;$51.38
10/16/2017;51.37;9299326;$50.8;$51.405;$50.64
10/13/2017;50.98;16227850;$50.83;$51.07;$50.4
10/12/2017;50.83;10727200;$50.98;$51.12;$50.35
10/11/2017;51.03;9101142;$51.39;$51.52;$50.83
10/10/2017;51.53;8354317;$51.58;$51.82;$51.37
10/09/2017;51.52;6874888;$52.23;$52.3;$51.5
10/06/2017;52.42;5301091;$52.2;$52.46;$52.12
10/05/2017;52.18;5286989;$52.01;$52.32;$51.775
10/04/2017;52.08;8167272;$51.51;$52.13;$51.4
10/03/2017;51.47;8124809;$52;$52.05;$51.4
10/02/2017;51.87;7508536;$52.16;$52.21;$51.66
09/29/2017;51.85;12125690;$52.59;$52.82;$51.76
09/28/2017;52.63;11313620;$52.8;$53.03;$52.33
09/27/2017;52.67;36193880;$52.17;$52.69;$51.03
09/26/2017;53.7;15497040;$53.18;$53.97;$52.98
09/25/2017;53.23;12244730;$53.08;$53.56;$53
09/22/2017;53.24;10962230;$53.02;$53.61;$52.8
09/21/2017;53.19;8059362;$53.55;$53.64;$53.09
09/20/2017;53.56;7024091;$53.49;$53.64;$53.04
09/19/2017;53.33;14676750;$52.78;$54.05;$52.51
09/18/2017;53.5;8165325;$53.87;$54.16;$53.4
09/15/2017;53.87;9999372;$53.86;$54.06;$53.52
09/14/2017;53.73;7488924;$53.54;$53.89;$53.12
09/13/2017;53.52;6079979;$53.45;$53.64;$53.04
09/12/2017;53.4;7825328;$53.77;$54.09;$53.3
09/11/2017;53.03;8649671;$52.38;$53.13;$52.32
09/08/2017;52.2;8554996;$52.25;$52.51;$52.11
09/07/2017;52.39;6905672;$52.76;$52.85;$52.34
09/06/2017;52.76;7401460;$53.12;$53.34;$52.71
09/05/2017;53.01;6680199;$53.25;$53.47;$52.88
09/01/2017;53.36;5509700;$53;$53.45;$52.9
08/31/2017;52.81;7709090;$52.6;$52.98;$52.47
08/30/2017;52.56;7141739;$52.8;$52.96;$52.25
08/29/2017;52.73;12526610;$52.74;$52.8775;$52.065
08/28/2017;53.73;5267309;$54.07;$54.43;$53.615
08/25/2017;53.9;6416006;$54.03;$54.2;$53.5375
08/24/2017;53.84;5461910;$53.93;$53.97;$53.46
08/23/2017;53.61;6408312;$53.92;$54.08;$53.445
08/22/2017;54.13;8212705;$53.92;$54.41;$53.79
08/21/2017;53.61;14275780;$54.44;$54.44;$53.105
08/18/2017;54.95;22863480;$54.85;$55.42;$54.17
08/17/2017;57.46;8912592;$58.53;$58.7445;$57.42
08/16/2017;58.54;5489569;$58.9;$59.05;$58.221
08/15/2017;58.56;8912871;$58.94;$59.01;$58.29
08/14/2017;59.78;5899971;$59.15;$60;$59.13
08/11/2017;58.97;4979984;$58.73;$59.27;$58.59
08/10/2017;59.07;5584793;$59.68;$59.69;$59.06
08/09/2017;59.9;5310893;$59.42;$59.965;$59.26
08/08/2017;59.46;5582400;$59.88;$60.12;$59.36
08/07/2017;59.79;4066712;$59.82;$60.1;$59.71
08/04/2017;59.76;4105948;$60.17;$60.34;$59.63
08/03/2017;60.14;5677110;$59.8;$60.53;$59.64
08/02/2017;59.79;4132948;$59.55;$59.95;$59.27
08/01/2017;59.84;9028600;$59;$59.94;$58.9
07/31/2017;59.05;6224990;$58.71;$59.12;$58.33
07/28/2017;58.67;5112725;$58.15;$58.735;$57.97
07/27/2017;58.15;8103612;$58.6;$58.68;$57.985
07/26/2017;58.36;5522246;$59.09;$59.13;$58.32
07/25/2017;59.39;5146517;$59.32;$59.52;$58.92
07/24/2017;58.95;7497800;$59.69;$59.7701;$58.761
07/21/2017;59.95;11048020;$59;$60;$58.91
07/20/2017;59.1;11905760;$59.12;$59.59;$58.8
07/19/2017;57.77;4434998;$57.6;$57.875;$57.3925
07/18/2017;57.65;4916874;$57.74;$58.08;$57.47
07/17/2017;57.79;6878816;$58;$58.35;$57.755
07/14/2017;58,00;6344849;$57.95;$58.21;$57.64
07/13/2017;57.94;8107976;$58.22;$58.58;$57.93
07/12/2017;58.22;7239490;$58.31;$58.75;$58.1
07/11/2017;58.18;7222299;$58.54;$58.93;$58.04
07/10/2017;58.73;8942165;$57.89;$58.81;$57.68
07/07/2017;57.98;8026045;$57.4;$58.08;$57.03
07/06/2017;57.16;9035228;$57.45;$57.72;$57
07/05/2017;57.56;16165830;$58.24;$58.29;$57.51
07/03/2017;58.65;9910021;$58.37;$59.01;$58.33
06/30/2017;59,00;46530150;$56.6;$59.71;$56.5
06/29/2017;53.17;13334530;$53.33;$53.63;$52.99
06/28/2017;53.36;7513042;$53.17;$53.61;$52.96
06/27/2017;52.95;7867410;$53.19;$53.26;$52.64
06/26/2017;53.28;7834458;$52.95;$53.57;$52.67
06/23/2017;52.85;8522104;$52.15;$52.915;$51.67
06/22/2017;52.4;10327580;$52.6;$52.62;$52.09
06/21/2017;52.59;13018700;$51.9;$52.685;$51.9
06/20/2017;51.56;10676450;$52.05;$52.13;$51.1
06/19/2017;52.02;11172470;$51.42;$52.22;$51.4
06/16/2017;51.1;25680970;$51.75;$51.84;$50.79
06/15/2017;52.9;16039290;$54;$54.05;$52.73
06/14/2017;54.66;6772551;$54.48;$54.67;$53.95
06/13/2017;54.31;8712854;$54.03;$54.66;$53.84
06/12/2017;54.03;9180069;$53.51;$54.25;$53.5
06/09/2017;53.46;8346810;$53.2;$53.47;$52.8
06/08/2017;53.2;7764790;$53.54;$54.14;$53.15
06/07/2017;53.23;7429273;$52.79;$53.36;$52.75
06/06/2017;52.48;8922847;$52.9;$53.1;$52.43
06/05/2017;53.01;5748870;$53;$53.23;$52.7
06/02/2017;52.98;18509320;$52.7;$53.01;$52.36
06/01/2017;52.3;13351020;$53.06;$53.3;$52.21
05/31/2017;52.99;8950286;$53.02;$53.2799;$52.71
05/30/2017;52.92;8038361;$52.76;$53.02;$52.64
05/26/2017;52.59;5919209;$52.35;$52.76;$52.23
05/25/2017;52.35;7627409;$52.38;$52.59;$52.21
05/24/2017;52.01;9402822;$52.25;$52.3;$51.74
05/23/2017;52.2;11087280;$51.98;$52.625;$51.88
05/22/2017;51.57;13671220;$51.77;$51.96;$51.4
05/19/2017;51.77;20029180;$51;$52.11;$50.81
05/18/2017;51.68;22569710;$51.97;$52.08;$51.3
05/17/2017;51.8;18341380;$52.39;$52.87;$51.8
05/16/2017;52.78;14559720;$52.37;$53.38;$52.12
05/15/2017;53.77;8181368;$54.12;$54.2;$53.68
05/12/2017;54.2;5597618;$54.1;$54.39;$53.79
05/11/2017;54.24;6483611;$54.52;$54.52;$53.4
05/10/2017;54.56;5808565;$54.91;$55.06;$54.51
05/09/2017;54.89;6441141;$54.33;$55.08;$54.16
05/08/2017;54.3;8727961;$54.18;$54.51;$53.83
05/05/2017;53.95;13373650;$54.41;$54.5;$53.56
05/04/2017;54.47;6830025;$54.68;$54.83;$54.2
05/03/2017;54.53;9474727;$55.17;$55.3;$54.4
05/02/2017;55.07;7294812;$55.12;$55.16;$54.79
05/01/2017;54.99;4881317;$55.43;$55.45;$54.98
04/28/2017;55.41;6437601;$55.43;$55.53;$55.14
04/27/2017;55.47;8557981;$55.18;$55.57;$54.91
04/26/2017;55.16;10933750;$55.46;$55.84;$55.12
04/25/2017;55.45;8960301;$55.53;$55.77;$55.41
04/24/2017;55.47;10777580;$56.14;$56.21;$55.47
04/21/2017;55.85;6055618;$56.29;$56.38;$55.68
04/20/2017;56.4;6866939;$55.96;$56.69;$55.881
04/19/2017;55.86;5947666;$56.16;$56.22;$55.74
04/18/2017;56.11;5651048;$56.02;$56.42;$55.8
04/17/2017;56.24;7688595;$55.32;$56.335;$55.25
04/13/2017;55.34;5282098;$55.41;$55.6;$55.26
04/12/2017;55.57;8502592;$54.66;$55.62;$54.5
04/11/2017;54.92;4348602;$54.95;$55.0699;$54.55
04/10/2017;54.9;5472557;$55;$55.33;$54.721
04/07/2017;55.11;6072739;$55.1;$55.24;$54.77
04/06/2017;55.14;6692088;$55.07;$55.94;$54.94
04/05/2017;54.98;7712869;$54.97;$55.8;$54.5
04/04/2017;55.04;8843031;$55.15;$55.3;$54.83
04/03/2017;55.56;7088035;$55.74;$55.8;$55.15
03/31/2017;55.73;5905359;$56;$56.03;$55.645
03/30/2017;56.04;7208749;$56.48;$56.6;$55.81
03/29/2017;56.68;7456138;$56.41;$57.1;$56.35
03/28/2017;56.62;7823808;$55.99;$56.78;$55.79
03/27/2017;55.93;8640646;$55.64;$56.249;$55.54
03/24/2017;56.36;14412050;$55.29;$56.64;$55.12
03/23/2017;55.37;23845220;$54.61;$55.55;$54.52
03/22/2017;53.92;37402210;$54.76;$55;$53.76
03/21/2017;58.01;14696970;$58.78;$59;$57.72
03/20/2017;58.68;13351890;$58;$58.81;$57.96
03/17/2017;57.8;10773730;$57.77;$57.885;$57.31
03/16/2017;57.6;9894868;$57.43;$57.72;$56.83
03/15/2017;57.66;10067270;$57.63;$57.99;$56.75
03/14/2017;57.28;9286807;$56.87;$58.01;$56.72
03/13/2017;56.67;7234856;$56.4;$56.815;$56.11
03/10/2017;56.43;8882391;$56.49;$56.99;$56.26
03/09/2017;56.36;6165628;$56.61;$56.66;$56.09
03/08/2017;56.51;7604631;$56.94;$56.94;$56.31
03/07/2017;56.55;7124351;$56.71;$56.99;$56.02
03/06/2017;56.77;6896304;$56.7;$56.93;$56.53
03/03/2017;56.7;9192319;$57.63;$57.65;$56.51
03/02/2017;57.8;6436669;$57.9;$58.25;$57.65
03/01/2017;57.95;8558833;$57.86;$58.03;$57.33
02/28/2017;57.16;7951140;$57.37;$57.55;$56.855
02/27/2017;57.69;4375471;$57.65;$57.83;$57.3488
02/24/2017;57.86;9684151;$57.39;$58.42;$57.07
02/23/2017;57.39;12315290;$58.11;$58.4;$57.27
02/22/2017;58.24;10912490;$57.48;$58.38;$57.36
02/21/2017;57.36;10954850;$56.38;$57.45;$56.2
02/17/2017;56.75;12637500;$56.12;$56.8;$55.86
02/16/2017;56.29;8374077;$56.88;$56.92;$56.1
02/15/2017;56.64;6651959;$56.29;$56.76;$56.21
02/14/2017;56.45;8891420;$55.92;$56.69;$55.83
02/13/2017;56.09;7679528;$56.17;$56.34;$55.75
02/10/2017;56.22;14973100;$55.63;$56.47;$55.63
02/09/2017;55.31;14344530;$53.93;$55.7;$53.93
02/08/2017;53.88;9280428;$52.74;$53.94;$52.7
02/07/2017;52.81;6440107;$53.07;$53.28;$52.67
02/06/2017;52.8;7336727;$52.09;$52.8;$52.05
02/03/2017;52.36;8819867;$52.62;$52.805;$52.25
02/02/2017;52.8;7870518;$53;$53.01;$52.4801
02/01/2017;53.02;8807232;$52.98;$53.26;$52.61
01/31/2017;52.9;12284190;$51.68;$52.9;$51.63
01/30/2017;53.08;9770193;$52.78;$53.22;$52.41
01/27/2017;53.19;7361856;$53.68;$54.08;$53.03
01/26/2017;53.65;6201590;$54.11;$54.12;$53.36
01/25/2017;53.86;6660247;$53.73;$54.12;$53.69
01/24/2017;53.45;6273170;$53.02;$53.57;$52.99
01/23/2017;53.24;6959254;$53.02;$53.26;$52.7247
01/20/2017;53.2;7805560;$53.22;$53.352;$52.9
01/19/2017;52.93;8320075;$53.84;$53.94;$52.89
01/18/2017;53.27;6732754;$53.86;$53.89;$52.86
01/17/2017;53.65;9887948;$53.4;$53.95;$53.01
01/13/2017;52.92;6691908;$52.59;$52.93;$52.23
01/12/2017;52.4;7325408;$52.51;$52.69;$52.16
01/11/2017;52.69;8208297;$53.12;$53.29;$52.665
01/10/2017;53.11;8041363;$53.55;$53.7301;$53.11
01/09/2017;53.38;8823213;$53.96;$53.99;$53.215
01/06/2017;53.91;12526190;$53.09;$54.09;$52.98
01/05/2017;53.06;8673284;$52.92;$53.1;$52.44
01/04/2017;53.07;13686230;$52.23;$53.345;$52.09
01/03/2017;51.98;13287280;$51.99;$52.5;$51.77
12/30/2016;50.83;7383343;$51.1;$51.33;$50.7
12/29/2016;51.06;4679736;$51;$51.24;$50.88
12/28/2016;51.02;6264995;$51.31;$51.5;$50.87
12/27/2016;51.29;8153746;$51.8;$52.25;$51.2
12/23/2016;51.91;9356743;$51.99;$52.35;$51.67
12/22/2016;52.14;11798600;$52.8;$53;$52.0255
12/21/2016;52.3;23211280;$52.9;$53.35;$51.55
12/20/2016;51.79;14741170;$51.06;$51.99;$50.75
12/19/2016;50.85;9423102;$50.91;$51.36;$50.48
12/16/2016;50.92;13971530;$51.6;$51.64;$50.67
12/15/2016;51.29;9545119;$52;$52.04;$51.09
12/14/2016;51.79;8001727;$52.24;$52.34;$51.59
12/13/2016;52.3;11331090;$51.83;$53.215;$51.83
12/12/2016;51.54;11458300;$51.5;$51.9;$50.94
12/09/2016;51.72;5861312;$51.76;$51.9699;$51.5
12/08/2016;51.55;9255664;$52.15;$52.47;$51.45
12/07/2016;52.1;10363830;$50.79;$52.25;$50.5968
12/06/2016;50.57;12485430;$50.83;$51.1;$50.26
12/05/2016;51.85;12009070;$50.8;$52.27;$50.7
12/02/2016;50.46;6933086;$50.26;$50.68;$50.105
12/01/2016;50.65;7609690;$50.11;$51.25;$50.06
11/30/2016;50.07;8168380;$50.52;$50.81;$50.07
11/29/2016;50.63;6063464;$51.2;$51.37;$50.57
11/28/2016;51.01;8356716;$51.44;$51.44;$50.61
11/25/2016;51.52;2736767;$51.68;$51.74;$51.35
11/23/2016;51.34;4148848;$51.71;$51.85;$51.2
11/22/2016;51.71;5227782;$51.47;$51.75;$51.05
11/21/2016;51.28;5357197;$51;$51.42;$50.9527
11/18/2016;51.1;7450657;$51.39;$51.89;$50.96
11/17/2016;51.59;7646913;$50.94;$51.6725;$50.72
11/16/2016;50.68;6659054;$50;$50.8;$49.95
11/15/2016;50.13;9279610;$50.46;$50.64;$49.75
11/14/2016;50.21;8013737;$51.18;$51.19;$50.21
11/11/2016;50.77;6300238;$50.22;$50.85;$50.18
11/10/2016;50.39;12306310;$51.29;$51.37;$50.33
11/09/2016;51.12;9058254;$50.07;$51.27;$49.8
11/08/2016;51.08;8109894;$51.1;$51.49;$50.953
11/07/2016;50.91;8346194;$50.48;$50.93;$50.28
11/04/2016;49.96;9924542;$49.8;$50.45;$49.76
11/03/2016;49.73;7639954;$49.98;$50;$49.31
11/02/2016;49.72;10742290;$49.24;$50.27;$49.01
11/01/2016;49.62;14079990;$50.5;$50.51;$49.14
10/31/2016;50.18;17896880;$50.88;$51.15;$50
10/28/2016;52.02;9096631;$52.12;$52.5;$51.79
10/27/2016;51.89;7936840;$52.34;$52.34;$51.69
10/26/2016;51.97;12386670;$50.95;$52.27;$50.9
10/25/2016;51.05;14919090;$50.97;$51.44;$50.71
10/24/2016;51.87;7569008;$52.16;$52.29;$51.83
10/21/2016;51.77;8238319;$51.74;$51.87;$51.25
10/20/2016;51.89;6572027;$51.77;$52.36;$51.69
10/19/2016;51.8;6983938;$51.34;$51.84;$51.14
10/18/2016;51.22;6804944;$51.3;$51.66;$51.19
10/17/2016;51.03;7886300;$51.65;$51.75;$50.96
10/14/2016;51.62;7130701;$52.38;$52.5;$51.62
10/13/2016;52.03;8418045;$52.12;$52.32;$51.5
10/12/2016;52.44;9285340;$52.01;$52.71;$51.8
10/11/2016;51.82;9184098;$51.95;$52.25;$51.52
10/10/2016;51.79;5463049;$52.13;$52.25;$51.77
10/07/2016;51.79;8394693;$52.42;$52.46;$51.68
10/06/2016;52.03;9185829;$52.2;$52.33;$51.97
10/05/2016;52.12;7170753;$52.15;$52.64;$52.1
10/04/2016;52.14;10732990;$52.9;$53.06;$52.08
10/03/2016;52.67;7586770;$52.54;$53;$52.42
09/30/2016;52.65;12879540;$52.57;$53.06;$52.28
09/29/2016;52.16;16911670;$52.92;$53.58;$52.12
09/28/2016;53.25;33038080;$54.6;$54.9965;$52.8
09/27/2016;55.34;17402790;$54.25;$55.54;$53.9
09/26/2016;54.4;11626980;$54.8;$55;$54.075
09/23/2016;55.15;8918654;$55.02;$55.71;$54.91
09/22/2016;55.41;8051302;$55.47;$55.98;$55.24
09/21/2016;55.34;8041110;$55.02;$55.38;$54.61
09/20/2016;54.87;8550723;$55.26;$55.44;$54.76
09/19/2016;54.95;7635661;$55.38;$55.47;$54.93
09/16/2016;55.18;11664890;$55.24;$55.36;$55.05
09/15/2016;55.47;6285580;$55;$55.54;$54.81
09/14/2016;55.13;7587311;$55.16;$55.56;$54.93
09/13/2016;55.37;7358503;$55.86;$55.94;$55.12
09/12/2016;56.01;7469627;$55;$56.115;$54.95
09/09/2016;55.33;11299160;$55.88;$56;$55.265
09/08/2016;56.17;12741310;$56.88;$57.27;$56.11
09/07/2016;57.72;7535619;$57.48;$57.78;$57.01
09/06/2016;57.41;9771525;$58.25;$58.38;$57.21
09/02/2016;58.02;6921343;$58.63;$59.18;$57.99
09/01/2016;58.54;8214619;$57.67;$58.55;$57.53
08/31/2016;57.64;7713364;$57.86;$58.28;$57.185
08/30/2016;58,00;6304011;$58.46;$58.76;$57.85
08/29/2016;58.63;5830719;$59.2;$59.25;$58.53
08/26/2016;59,00;9987520;$58.57;$59.2;$58.3
08/25/2016;59.24;8707741;$60.01;$60.15;$59.03
08/24/2016;60.22;11358880;$59.89;$60.33;$59.72
08/23/2016;59.62;8195596;$58.8;$59.8;$58.8
08/22/2016;58.66;8265950;$58.82;$59.4552;$58.65
08/19/2016;58.9;15448220;$57.4;$59.14;$57.25
08/18/2016;57.21;6043111;$56.99;$57.46;$56.895
08/17/2016;56.86;7334322;$56.87;$56.97;$56.54
08/16/2016;56.88;4901390;$56.8;$57.035;$56.42
08/15/2016;56.77;4836331;$56.65;$57.06;$56.62
08/12/2016;56.45;5392943;$56.7;$56.755;$56.13
08/11/2016;56.73;9538445;$55.63;$56.89;$55.48
08/10/2016;55.13;6872971;$55.95;$56.18;$55.07
08/09/2016;55.77;8023122;$56.08;$56.24;$55.69
08/08/2016;55.98;6306953;$56.13;$56.39;$55.68
08/05/2016;55.85;7510021;$55.32;$56.06;$55.17
08/04/2016;54.79;8606199;$54.96;$55.57;$54.65
08/03/2016;54.75;9681565;$54.55;$55.185;$54.28
08/02/2016;54.92;7145523;$55.23;$55.28;$54.78
08/01/2016;55.41;6268210;$55.73;$55.87;$55.3
07/29/2016;55.5;6351288;$55.27;$55.66;$55.208
07/28/2016;55.45;9571814;$55.59;$55.81;$54.98
07/27/2016;55.79;10295000;$56.5;$57;$55.47
07/26/2016;56.37;8534927;$57.2;$57.8689;$56.25
07/25/2016;57.14;7248493;$56.87;$57.15;$56.46
07/22/2016;56.73;8614573;$56.82;$56.96;$56.425
07/21/2016;56.99;8316003;$57.99;$58.03;$56.57
07/20/2016;57.76;5853139;$57.99;$58.1;$57.74
07/19/2016;57.76;7442592;$57.46;$57.77;$57.15
07/18/2016;57.74;6457206;$58;$58.16;$57.74
07/15/2016;57.87;8969514;$58.59;$58.865;$57.87
07/14/2016;58.49;7487117;$58.3;$58.6;$58.15
07/13/2016;57.99;9126163;$58.18;$58.4394;$57.73
07/12/2016;58.06;11157090;$57.09;$58.2;$57.07
07/11/2016;56.83;8055502;$56.83;$57.23;$56.71
07/08/2016;56.72;8644853;$56.1;$56.82;$56.09
07/07/2016;55.92;6947255;$55.8;$55.975;$55.56
07/06/2016;55.8;7788334;$54.88;$55.81;$54.82
07/05/2016;55.2;10243590;$55.34;$55.91;$55.01
07/01/2016;55.61;9283890;$55.07;$55.81;$54.91
06/30/2016;55.2;17347480;$55.29;$55.43;$54.6
06/29/2016;55.13;36078770;$54.5;$55.14;$52.89
06/28/2016;53.09;20014640;$52.04;$53.195;$51.57
06/27/2016;51.89;15299140;$52;$52.52;$51.475
06/24/2016;52.59;18478370;$52.36;$53.36;$52.18
06/23/2016;54.12;11192080;$55.11;$55.18;$53.95
06/22/2016;54.57;7018444;$55;$55.14;$54.53
06/21/2016;54.77;7911145;$54.46;$55.09;$54.44
06/20/2016;54.36;8428915;$54.23;$55.15;$54.23
06/17/2016;53.71;10985040;$53.45;$53.87;$53.16
06/16/2016;53.47;14410990;$53.54;$53.64;$52.94
06/15/2016;54.31;7498248;$54.24;$55.06;$54.24
06/14/2016;54.12;9584982;$54.58;$54.94;$54.08
06/13/2016;54.91;8565880;$55;$55.64;$54.88
06/10/2016;55.11;12182600;$54.64;$55.36;$54.55
06/09/2016;54.94;11602070;$54.11;$55.05;$53.88
06/08/2016;54.12;12060940;$53.83;$54.34;$53.66
06/07/2016;53.55;13323040;$54.16;$54.3492;$53.55
06/06/2016;54.3;13797250;$53.77;$54.54;$53.69
06/03/2016;53.45;17262530;$54.29;$54.57;$53.4
06/02/2016;54.53;13894140;$54.22;$54.67;$54.22
06/01/2016;54.93;28406560;$53.33;$55.04;$52.92
05/31/2016;55.22;14231650;$56.41;$56.47;$55.17
05/27/2016;56.19;8525382;$56.17;$56.53;$55.98
05/26/2016;55.84;9061835;$56.05;$56.36;$55.6
05/25/2016;55.99;9920959;$56.47;$56.69;$55.7699
05/24/2016;56.59;11097810;$56.05;$56.77;$55.86
05/23/2016;55.99;7765181;$56.6;$56.97;$55.95
05/20/2016;56.48;13594060;$55.88;$57.06;$55.41
05/19/2016;57.04;9269466;$55.82;$57.3;$55.67
05/18/2016;56.12;11440730;$56.76;$56.87;$55.67
05/17/2016;57.1;7620650;$57.15;$57.375;$56.65
05/16/2016;57.14;8045425;$57.27;$57.53;$56.63
05/13/2016;57.31;7385182;$57.74;$58.12;$57.28
05/12/2016;57.99;8083084;$57.52;$58.34;$57.31
05/11/2016;57.01;12814050;$58.5;$58.6799;$56.85
05/10/2016;59.2;7598121;$58.61;$59.99;$58.61
05/09/2016;58.72;5604886;$58.59;$59.19;$58.45
05/06/2016;58.43;7307951;$58.16;$58.44;$57.38
05/05/2016;58.19;7844441;$58.94;$58.98;$58
05/04/2016;59.11;8062563;$59.23;$59.96;$58.82
05/03/2016;59.52;8061253;$59.24;$59.845;$59.03
05/02/2016;59.59;8647675;$59.09;$59.745;$58.99
04/29/2016;58.94;8084372;$58.41;$59.087;$58.1